Epoch,Training Loss,Validation Loss,Validation Accuracy,Precision,Recall
1,0.6769647777080536,0.6950394600629807,46.666666666666664,0.4666666666666667,0.4666666666666667
2,0.6508858382701874,0.6804005384445191,66.66666666666667,0.6668520578420467,0.6666666666666667
3,0.6310851991176605,0.6870018273591996,58.333333333333336,0.5841750841750841,0.5833333333333333
4,0.5585817188024521,0.6932737678289413,58.333333333333336,0.5881316098707403,0.5833333333333333
5,0.4771511495113373,0.6250932425260544,75.0,0.7747252747252746,0.75
6,0.4355944812297821,0.6176124721765518,75.0,0.78125,0.75
7,0.4322532430291176,0.6136338859796524,73.33333333333333,0.7356902356902357,0.7333333333333334
8,0.4635767385363579,0.6421848148107528,74.16666666666667,0.7422723475355054,0.7416666666666667
9,0.30152200162410736,0.6657035171985626,65.0,0.6506696428571428,0.65
