Epoch,Training Loss,Validation Loss,Validation Accuracy,Precision,Recall
1,0.6879824221134185,0.6971359610557556,49.166666666666664,0.48991596638655466,0.49166666666666664
2,0.6793298244476318,0.6905987679958343,58.333333333333336,0.5848416289592759,0.5833333333333334
3,0.6463981747627259,0.6923027366399765,50.0,0.5,0.5
4,0.6218549132347106,0.7051784753799438,50.833333333333336,0.5085251491901108,0.5083333333333333
5,0.5366966634988785,0.6693534046411515,60.833333333333336,0.6086048454469507,0.6083333333333334
6,0.5177862077951432,0.6622310489416122,65.0,0.6501668520578421,0.6499999999999999
7,0.44397494941949844,0.6880954056978226,62.5,0.6333333333333333,0.625
8,0.496573606133461,0.6729777842760086,59.166666666666664,0.5929315685722332,0.5916666666666667
9,0.400338214635849,0.692789301276207,53.333333333333336,0.5352526439482961,0.5333333333333333
