Epoch,Training Loss,Validation Loss,Validation Accuracy,Precision,Recall
1,0.5886333274841309,0.6573725491762161,69.16666666666667,0.7044444444444444,0.6916666666666667
2,0.33001195833086966,0.6760762453079223,60.833333333333336,0.6136694841154182,0.6083333333333334
3,0.21231186062097548,0.7223555743694305,52.5,0.5255754475703325,0.525
4,0.12633685866370797,0.735156261920929,55.833333333333336,0.5596760443307758,0.5583333333333333
5,0.09310840755701065,0.802792227268219,44.166666666666664,0.4408617290903971,0.44166666666666665
6,0.07637431827373803,0.7082307785749435,62.5,0.6267248662348635,0.625
